[
    {
      "name": "iphone",
      "price": 154,
      "featured": true,
      "company": "apple"
    },
    {
      "name": "iphone10",
      "price": 1154,
      "featured": true,
      "company": "apple"
    },
    {
      "name": "watch",
      "price": 204,
      "company": "apple"
    },
    {
      "name": "watch10",
      "price": 304,
      "company": "apple"
    },
    {
      "name": "s20",
      "price": 404,
      "company": "samsung"
    },
    {
      "name": "s20",
      "price": 505,
      "company": "samsung"
    },
    {
      "name": "dell gaming",
      "price": 501,
      "company": "dell"
    },
    {
      "name": "mi20",
      "price": 701,
      "company": "mi"
    }
  ]